example_id,label
2591,0
10174,0
4764,0
5429,0
11235,0
4120,0
4549,0
4752,0
12562,0
3783,0
8804,0
12427,0
4702,0
10942,0
9152,0
9638,0
6396,0
7296,0
10093,0
12304,0
7567,0
6473,0
1509,0
11626,0
1356,0
10024,0
46,0
8951,0
10057,0
1937,0
1554,0
1326,0
11494,0
2165,0
4462,0
3764,0
11997,0
10696,0
7776,0
3004,0
12470,0
11927,0
1949,0
3053,0
1309,0
2114,0
8314,0
1282,0
9413,0
9008,0
3079,0
8487,0
1614,0
6642,0
8229,0
12381,0
1559,0
5626,0
10724,0
4919,0
9996,0
7289,0
2177,0
1732,0
4190,0
3466,0
6940,0
1906,0
4312,0
2118,0
1987,0
8611,0
8586,0
1307,0
6305,0
5452,0
2468,0
2277,0
10046,0
1756,0
2499,0
4303,0
2436,0
10912,0
5830,0
8904,0
5189,0
5158,0
4684,0
2401,0
6295,0
12543,0
7902,0
3691,0
1258,0
11151,0
10565,0
7436,0
6687,0
3463,0
4765,0
12597,0
3282,0
5986,0
8286,0
994,0
587,0
7131,0
105,0
1984,0
10414,0
8004,0
8141,0
3057,0
8348,0
7954,0
3828,0
12168,0
2491,0
5578,0
8231,0
8827,0
1864,0
10631,0
9901,0
8096,0
3152,0
10387,0
1865,0
750,0
8134,0
6933,0
8964,0
1280,0
6592,0
3808,0
7812,0
4356,0
5836,0
241,0
1268,0
9877,0
4899,0
4158,0
4176,0
6267,0
4722,0
9267,0
7489,0
2770,0
7801,0
9853,0
2827,0
9016,0
8766,0
12165,0
6164,0
4056,0
331,0
11386,0
8837,0
5972,0
11932,0
1385,0
9556,0
599,0
10749,0
3172,0
5363,0
3270,0
457,0
5881,0
2087,0
1303,0
7635,0
12237,0
1244,0
5312,0
4217,0
1206,0
3743,0
3023,0
11129,0
11902,0
5347,0
10423,0
10937,0
4403,0
5193,0
3433,0
5675,0
10104,0
8761,0
6007,0
5669,0
3397,0
214,0
11063,0
8602,0
5947,0
2471,0
6968,0
5270,0
11123,0
6748,0
10419,0
10053,0
6992,0
5235,0
9903,0
508,0
7748,0
12444,0
6733,0
2369,0
2452,0
7581,0
4142,0
11417,0
12404,0
8500,0
12360,0
1939,0
8139,0
1833,0
11201,0
7456,0
10130,0
4887,0
5867,0
7894,0
8254,0
4647,0
3830,0
2895,0
1613,0
7164,0
7306,0
9875,0
10672,0
4011,0
8153,0
7066,0
4077,0
2835,0
11511,0
4116,0
5655,0
11096,0
7239,0
7348,0
1381,0
1191,0
11168,0
108,0
10116,0
12296,0
9822,0
1633,0
4825,0
6360,0
1181,0
6998,0
12125,0
1866,0
11811,0
10331,0
9950,0
9154,0
6805,0
10165,0
927,0
11487,0
5825,0
10011,0
12230,0
4791,0
3721,0
3816,0
9742,0
6391,0
11254,0
8628,0
4939,0
479,0
5493,0
162,0
8740,0
9825,0
9142,0
6820,0
9047,0
232,0
11957,0
411,0
695,0
2954,0
5696,0
5219,0
2935,0
10424,0
6743,0
4016,0
6964,0
200,0
11921,0
8987,0
11814,0
3924,0
10574,0
9430,0
1071,0
2172,0
1347,0
3225,0
8728,0
5425,0
6262,0
10786,0
1661,0
9590,0
8414,0
5297,0
8836,0
8580,0
3284,0
4855,0
2967,0
4614,0
6357,0
2360,0
2697,0
10469,0
471,0
2112,0
10048,0
8947,0
10765,0
7579,0
12334,0
1827,0
9690,0
1340,0
546,0
1083,0
12593,0
250,0
1574,0
5285,0
676,0
1930,0
7248,0
463,0
5261,0
1447,0
9175,0
9094,0
1120,0
1143,0
656,0
10255,0
4364,0
8909,0
148,0
5342,0
5826,0
5822,0
1548,0
8865,0
12507,0
4480,0
6190,0
10543,0
11911,0
10590,0
7644,0
11805,0
1663,0
11502,0
1245,0
5860,0
2564,0
1222,0
10132,0
9864,0
5035,0
8147,0
5937,0
9438,0
786,0
11388,0
3297,0
8278,0
4688,0
2094,0
6181,0
11210,0
4163,0
6265,0
1749,0
767,0
5915,0
5633,0
8647,0
6462,0
10315,0
2284,0
9055,0
9840,0
5621,0
7885,0
11273,0
12290,0
10310,0
2623,0
9916,0
8162,0
11820,0
2779,0
7777,0
10243,0
10600,0
4980,0
9279,0
7639,0
12099,0
6817,0
8976,0
4662,0
3021,0
3963,0
10271,0
2372,0
1624,0
7627,0
10311,0
1941,0
12506,0
4096,0
1570,0
6610,0
6356,0
9693,0
12637,0
622,0
9022,0
2400,0
435,0
10557,0
4334,0
7587,0
11394,0
5727,0
8599,0
1835,0
4044,0
9807,0
4583,0
8946,0
5281,0
5809,0
9250,0
3575,0
11860,0
12498,0
478,0
6606,0
6158,0
1667,0
5409,0
9127,0
3522,0
10443,0
3506,0
6395,0
5000,0
9689,0
1739,0
4736,0
8388,0
7613,0
11219,0
3760,0
9394,0
2585,0
5268,0
10676,0
525,0
5886,0
9842,0
4682,0
8626,0
8026,0
2746,0
3345,0
12480,0
6582,0
5106,0
8568,0
1503,0
8954,0
2053,0
6653,0
7057,0
4578,0
8360,0
7706,0
953,0
62,0
6347,0
10283,0
2150,0
897,0
11148,0
11357,0
4435,0
7354,0
5845,0
9086,0
6196,0
5916,0
5791,0
10081,0
7924,0
6322,0
9652,0
11588,0
10887,0
12410,0
3949,0
8637,0
4384,0
734,0
1361,0
9462,0
501,0
3166,0
6435,0
8405,0
67,0
521,0
5964,0
10655,0
4014,0
9103,0
5315,0
3559,0
11796,0
4381,0
9829,0
3819,0
9509,0
5996,0
4822,0
3038,0
11500,0
10793,0
8794,0
7122,0
12563,0
12475,0
8275,0
9710,0
2702,0
7451,0
2474,0
9907,0
3789,0
5075,0
7047,0
6558,0
12147,0
2615,0
2482,0
6231,0
8629,0
12513,0
5796,0
9612,0
3617,0
5255,0
3048,0
2865,0
8091,0
8140,0
561,0
7994,0
10607,0
12464,0
10144,0
10457,0
11162,0
12014,0
557,0
6861,0
9887,0
10378,0
11315,0
11510,0
497,0
5987,0
10265,0
12407,0
4779,0
3802,0
4062,0
4333,0
7984,0
3461,0
4554,0
12195,0
2161,0
10080,0
2780,0
9014,0
2180,0
5856,0
12192,0
12002,0
3130,0
3964,0
10090,0
7983,0
9418,0
8502,0
11683,0
9931,0
5183,0
9224,0
10371,0
1980,0
8127,0
7779,0
1035,0
2794,0
1363,0
10520,0
8169,0
472,0
2862,0
4238,0
5827,0
2557,0
11042,0
3381,0
12258,0
8095,0
3200,0
2932,0
11646,0
8442,0
2793,0
12166,0
4710,0
535,0
3698,0
6567,0
9895,0
6903,0
8092,0
6193,0
1380,0
781,0
5043,0
12043,0
8606,0
9343,0
6367,0
1551,0
8895,0
9141,0
3156,0
5702,0
5455,0
8672,0
2230,0
2805,0
4401,0
12029,0
536,0
1861,0
5205,0
10148,0
11384,0
3378,0
6070,0
11975,0
1069,0
5146,0
7802,0
5936,0
4094,0
2550,0
7303,0
1830,0
2621,0
743,0
1234,0
27,0
8470,0
3459,0
12224,0
2404,0
4977,0
9100,0
3913,0
2612,0
5784,0
861,0
4206,0
7474,0
2145,0
10287,0
752,0
10162,0
5994,0
8715,0
7805,0
11837,0
7993,0
12312,0
1741,0
10013,0
10030,0
1176,0
8636,0
2393,0
10901,0
10730,0
5232,0
7390,0
1235,0
10770,0
8998,0
401,0
6803,0
1852,0
9555,0
10836,0
8676,0
6344,0
2041,0
647,0
1263,0
6639,0
6966,0
10056,0
1630,0
2341,0
4185,0
179,0
1270,0
7938,0
10562,0
12606,0
8324,0
12403,0
1621,0
12055,0
7377,0
10980,0
2445,0
2110,0
3296,0
7110,0
2947,0
8778,0
588,0
4564,0
11161,0
2261,0
7768,0
3192,0
2366,0
1248,0
2576,0
6380,0
3649,0
8384,0
11551,0
12522,0
12158,0
6699,0
5604,0
5113,0
12122,0
796,0
12030,0
1349,0
945,0
5704,0
450,0
2630,0
10029,0
11035,0
2998,0
7737,0
5034,0
6806,0
6619,0
7911,0
7054,0
3749,0
2574,0
52,0
11607,0
12383,0
6641,0
1899,0
11499,0
1044,0
20,0
5732,0
6111,0
1673,0
8842,0
12429,0
9868,0
649,0
8173,0
360,0
7118,0
4971,0
9042,0
4427,0
7213,0
7959,0
496,0
4582,0
9787,0
11730,0
4795,0
11428,0
7335,0
6108,0
10413,0
3684,0
493,0
44,0
10774,0
8202,0
6698,0
6788,0
11425,0
4489,0
10221,0
7304,0
6654,0
6451,0
1056,0
11752,0
2354,0
2060,0
11702,0
3305,0
1851,0
4490,0
12369,0
7425,0
28,0
2960,0
3536,0
1699,0
10395,0
1502,0
6060,0
5889,0
3417,0
230,0
7113,0
4129,0
5487,0
6156,0
2744,0
10133,0
10357,0
5963,0
2917,0
2653,0
515,0
12128,0
6321,0
1972,0
4213,0
9166,0
10279,0
8496,0
2037,0
5903,0
9088,0
395,0
157,0
2911,0
11883,0
803,0
10170,0
9096,0
9806,0
39,0
9645,0
7093,0
6766,0
9012,0
9751,0
4886,0
1601,0
2467,0
11553,0
2745,0
1887,0
885,0
574,0
9452,0
7681,0
7532,0
1444,0
2693,0
1669,0
11613,0
2192,0
10508,0
10164,0
4950,0
9651,0
4271,0
10106,0
5794,0
3160,0
9649,0
3455,0
10227,0
6043,0
7438,0
8270,0
2847,0
12164,0
1247,0
5188,0
8671,0
2582,0
5948,0
2314,0
3400,0
8873,0
8271,0
8403,0
11662,0
6625,0
9867,0
6878,0
6018,0
6140,0
10140,0
725,0
7839,0
3984,0
8021,0
11897,0
5225,0
7707,0
639,0
11440,0
2667,0
252,0
8295,0
9793,0
3142,0
2144,0
5058,0
5736,0
12196,0
7947,0
9975,0
9596,0
274,0
8279,0
7612,0
7290,0
4877,0
5115,0
12419,0
6415,0
2735,0
4214,0
5839,0
6896,0
3720,0
9521,0
10998,0
8103,0
4553,0
11621,0
9640,0
11955,0
6764,0
4328,0
5181,0
6291,0
4165,0
10178,0
12644,0
8815,0
10708,0
7386,0
5063,0
10348,0
11330,0
3234,0
789,0
10925,0
1021,0
10544,0
636,0
11339,0
1602,0
7507,0
10190,0
10006,0
10605,0
4833,0
8772,0
1685,0
9578,0
5992,0
687,0
11966,0
10592,0
9049,0
5250,0
9882,0
4277,0
8357,0
10303,0
6963,0
1260,0
11792,0
10208,0
11069,0
2848,0
762,0
10568,0
10102,0
9896,0
6173,0
11147,0
6106,0
9194,0
4114,0
4685,0
4156,0
699,0
2725,0
7708,0
12357,0
8574,0
5382,0
4433,0
2916,0
2565,0
8330,0
6252,0
3424,0
297,0
4088,0
10316,0
3902,0
2223,0
7723,0
7166,0
2334,0
5051,0
7314,0
3527,0
460,0
8210,0
3150,0
9817,0
7832,0
3600,0
146,0
8090,0
8028,0
6990,0
5950,0
10484,0
316,0
8209,0
10926,0
981,0
11265,0
9830,0
11183,0
4247,0
8461,0
9006,0
151,0
754,0
9664,0
5776,0
4465,0
9941,0
5464,0
9241,0
5167,0
4141,0
8417,0
7168,0
12653,0
11866,0
4019,0
5288,0
7331,0
2777,0
6774,0
3693,0
2463,0
7689,0
4625,0
6988,0
4914,0
3362,0
3268,0
12487,0
338,0
11600,0
3729,0
10125,0
6784,0
2875,0
1992,0
7197,0
4623,0
2635,0
12577,0
9386,0
1082,0
9648,0
10580,0
7703,0
11831,0
1884,0
8505,0
5175,0
538,0
1126,0
4479,0
11750,0
5097,0
8060,0
9020,0
7914,0
887,0
4555,0
4265,0
8673,0
9526,0
6460,0
3306,0
10512,0
2696,0
3867,0
4258,0
4920,0
6518,0
3692,0
6851,0
9110,0
1144,0
10261,0
4659,0
4718,0
10224,0
12533,0
10842,0
8652,0
7398,0
1027,0
5170,0
7229,0
12588,0
8024,0
7037,0
11663,0
10866,0
9786,0
8015,0
245,0
1130,0
7504,0
7721,0
2796,0
6373,0
9036,0
2064,0
7468,0
3446,0
1452,0
7794,0
276,0
4872,0
161,0
11180,0
10804,0
11338,0
5973,0
1821,0
10733,0
5502,0
4484,0
12337,0
1988,0
10831,0
2754,0
4051,0
3095,0
12045,0
2162,0
1047,0
406,0
5195,0
11785,0
5119,0
7350,0
11404,0
5238,0
9667,0
11948,0
8040,0
213,0
5304,0
524,0
2091,0
4834,0
8882,0
7380,0
5517,0
11485,0
8366,0
1634,0
10237,0
3876,0
9657,0
1152,0
9917,0
2426,0
4059,0
10812,0
10979,0
2690,0
8041,0
9501,0
11717,0
12495,0
12097,0
5967,0
2159,0
6270,0
2186,0
9477,0
11128,0
7099,0
2084,0
5324,0
7263,0
3507,1
630,1
7554,1
5743,1
8499,1
6677,1
8928,1
4443,1
10302,1
7738,1
10488,1
1791,1
9283,1
12243,1
6778,1
12565,1
4689,1
8399,1
7878,1
373,1
8386,1
443,1
10943,1
1292,1
8573,1
3868,1
1854,1
11213,1
3680,1
6836,1
3313,1
5332,1
8005,1
11432,1
9514,1
2880,1
10472,1
638,1
4798,1
8088,1
10626,1
9323,1
11574,1
1771,1
9450,1
12604,1
1612,1
5819,1
12629,1
6902,1
3821,1
17,1
1703,1
2494,1
1900,1
3513,1
4761,1
3089,1
1591,1
4184,1
1168,1
5438,1
5941,1
198,1
5542,1
1651,1
169,1
702,1
3933,1
9281,1
9811,1
10322,1
1847,1
7443,1
3272,1
11317,1
6665,1
285,1
9361,1
3258,1
8244,1
6341,1
12089,1
430,1
6704,1
3310,1
10295,1
6154,1
6350,1
12092,1
6304,1
12179,1
5100,1
9898,1
4340,1
6468,1
12575,1
946,1
7087,1
11288,1
1261,1
5557,1
11082,1
6096,1
5083,1
11518,1
9178,1
10940,1
1348,1
357,1
10154,1
10902,1
11398,1
11470,1
2681,1
3723,1
9558,1
1997,1
10042,1
6918,1
5492,1
4802,1
4006,1
1230,1
2542,1
5651,1
12327,1
3580,1
2975,1
4320,1
5319,1
5802,1
11962,1
3380,1
8894,1
7255,1
1501,1
12090,1
7804,1
3730,1
12307,1
6131,1
1746,1
7280,1
12153,1
8929,1
930,1
8277,1
9771,1
8187,1
10753,1
1451,1
10338,1
3108,1
2332,1
1293,1
783,1
9099,1
11092,1
4414,1
11534,1
969,1
770,1
3750,1
3453,1
3161,1
2655,1
8367,1
12502,1
6954,1
4210,1
10232,1
8765,1
3059,1
9028,1
267,1
1220,1
10680,1
3553,1
4846,1
9176,1
8190,1
8687,1
8859,1
1762,1
2573,1
11775,1
10096,1
473,1
10583,1
838,1
8176,1
8222,1
2063,1
3975,1
7891,1
4750,1
1720,1
11407,1
204,1
954,1
10552,1
6600,1
4251,1
1556,1
2896,1
1020,1
5681,1
6233,1
11706,1
2457,1
3367,1
2703,1
5703,1
5301,1
6475,1
8944,1
8608,1
4428,1
448,1
9402,1
5230,1
332,1
10548,1
4571,1
8084,1
1897,1
3011,1
12201,1
7104,1
10018,1
390,1
11809,1
2522,1
9119,1
12152,1
8773,1
10983,1
7048,1
4140,1
6044,1
1737,1
2364,1
6609,1
107,1
12558,1
2068,1
3086,1
2636,1
6172,1
5564,1
304,1
2359,1
4981,1
8664,1
1994,1
11628,1
2343,1
5588,1
3224,1
6946,1
7107,1
8363,1
5228,1
2066,1
2898,1
4639,1
9854,1
5991,1
12523,1
6180,1
7596,1
9748,1
7522,1
2065,1
2382,1
426,1
3438,1
2225,1
3360,1
1964,1
6327,1
12538,1
7505,1
12142,1
3809,1
7416,1
8991,1
400,1
8918,1
1412,1
5565,1
1148,1
2767,1
8083,1
1928,1
8247,1
2509,1
1740,1
7879,1
10944,1
3001,1
11900,1
9053,1
5296,1
10493,1
10386,1
4315,1
10891,1
9998,1
6744,1
12587,1
8768,1
9126,1
5508,1
3932,1
1515,1
4372,1
6057,1
1433,1
8042,1
4661,1
6962,1
4544,1
10602,1
10127,1
1873,1
2275,1
11788,1
12436,1
436,1
6037,1
1577,1
6769,1
5820,1
11682,1
3888,1
7316,1
4658,1
9671,1
7979,1
5580,1
476,1
3085,1
6127,1
4993,1
3593,1
2562,1
11676,1
3756,1
1302,1
9989,1
11408,1
5888,1
8893,1
7851,1
11346,1
12527,1
8453,1
8484,1
4030,1
4868,1
9685,1
775,1
9118,1
1373,1
4698,1
4536,1
1508,1
10103,1
7558,1
3029,1
12504,1
8248,1
10272,1
8468,1
3991,1
1993,1
3044,1
50,1
8682,1
8659,1
7112,1
1036,1
9023,1
6793,1
3436,1
12208,1
8829,1
5592,1
3375,1
4409,1
2100,1
12056,1
2195,1
8683,1
804,1
12302,1
11260,1
9513,1
5403,1
7171,1
2342,1
4679,1
4351,1
1225,1
9249,1
11740,1
2143,1
10849,1
2285,1
10622,1
8743,1
12547,1
5721,1
6937,1
8494,1
8306,1
5896,1
5946,1
9367,1
7487,1
3216,1
12083,1
11886,1
7796,1
1895,1
189,1
2524,1
12583,1
8849,1
8760,1
11878,1
3903,1
12435,1
2233,1
7867,1
2363,1
366,1
8924,1
3974,1
3173,1
9457,1
11445,1
1253,1
10035,1
4744,1
6004,1
9914,1
2842,1
10235,1
1542,1
2017,1
10747,1
10974,1
11708,1
530,1
11801,1
4854,1
387,1
10716,1
901,1
564,1
8535,1
7063,1
3485,1
7634,1
8723,1
5891,1
1705,1
2999,1
3409,1
7413,1
1638,1
11507,1
2508,1
9416,1
10994,1
9827,1
1430,1
11232,1
8085,1
814,1
3435,1
1482,1
5638,1
12144,1
3608,1
7986,1
9714,1
10701,1
4179,1
7083,1
1058,1
11755,1
5118,1
8017,1
4272,1
4912,1
8697,1
2918,1
10889,1
271,1
594,1
1845,1
2801,1
4198,1
9085,1
8890,1
11684,1
2335,1
7766,1
11458,1
3134,1
7045,1
8316,1
4783,1
4451,1
2022,1
11592,1
12434,1
2699,1
4849,1
5740,1
6469,1
7922,1
10317,1
10200,1
9398,1
2347,1
8621,1
9481,1
9164,1
3411,1
5,1
10239,1
10152,1
7811,1
11892,1
3797,1
3831,1
1092,1
10988,1
8369,1
8763,1
5969,1
2246,1
11991,1
6195,1
2200,1
5804,1
9858,1
9258,1
6087,1
4603,1
8250,1
12600,1
6726,1
11634,1
2304,1
1538,1
11158,1
3096,1
9933,1
4725,1
12329,1
12205,1
9699,1
11258,1
7375,1
7551,1
414,1
2722,1
4605,1
10868,1
11898,1
12421,1
10686,1
8164,1
12260,1
3487,1
9818,1
1492,1
5558,1
3483,1
7509,1
6514,1
9221,1
2705,1
5428,1
3343,1
4166,1
4264,1
9879,1
5657,1
7515,1
4024,1
8158,1
324,1
2270,1
3973,1
1141,1
4457,1
9963,1
10720,1
6908,1
6068,1
3511,1
2995,1
417,1
12105,1
10945,1
6113,1
2461,1
10296,1
2488,1
4645,1
11890,1
7125,1
10795,1
11024,1
663,1
9039,1
3236,1
12573,1
2027,1
398,1
2126,1
9849,1
2010,1
12244,1
11826,1
305,1
1932,1
7435,1
12253,1
5157,1
10588,1
9311,1
6602,1
5282,1
5154,1
5241,1
7392,1
9560,1
1042,1
8262,1
5648,1
547,1
8282,1
2435,1
11399,1
6554,1
11627,1
5253,1
12069,1
10023,1
7360,1
3084,1
379,1
1917,1
11579,1
9874,1
4789,1
6858,1
11032,1
4743,1
510,1
8146,1
9772,1
184,1
4568,1
5974,1
2523,1
6039,1
12569,1
12100,1
2856,1
6802,1
9804,1
11946,1
7913,1
4842,1
11669,1
3275,1
5707,1
10379,1
10981,1
1104,1
850,1
3813,1
301,1
2891,1
1357,1
8941,1
9,1
3219,1
7611,1
7469,1
5742,1
2496,1
8225,1
11943,1
7478,1
9091,1
2407,1
8291,1
1101,1
8000,1
10528,1
1820,1
3578,1
3568,1
10553,1
1081,1
12255,1
2803,1
691,1
569,1
8709,1
1398,1
9422,1
10918,1
7475,1
10751,1
219,1
6659,1
8891,1
6826,1
8699,1
9255,1
8955,1
12050,1
10440,1
9019,1
6021,1
9226,1
12532,1
5407,1
7217,1
8806,1
780,1
6981,1
1308,1
2399,1
4985,1
2453,1
4999,1
4773,1
8123,1
516,1
6564,1
3482,1
9947,1
4528,1
5145,1
11156,1
11888,1
10334,1
262,1
12190,1
9202,1
1534,1
12542,1
12163,1
2661,1
7523,1
12270,1
11800,1
1459,1
5026,1
4379,1
5408,1
1566,1
5813,1
5739,1
6042,1
700,1
6716,1
2639,1
5482,1
2156,1
11413,1
829,1
1761,1
1646,1
6103,1
6274,1
3643,1
11795,1
10627,1
10579,1
859,1
2479,1
455,1
8529,1
7158,1
8741,1
9310,1
1466,1
1683,1
10567,1
5665,1
8358,1
1370,1
3784,1
10425,1
1223,1
12485,1
2836,1
7991,1
9569,1
11369,1
8426,1
8639,1
518,1
2082,1
2228,1
3778,1
11178,1
8708,1
720,1
2634,1
11308,1
970,1
2215,1
810,1
3688,1
399,1
6685,1
8610,1
5610,1
5162,1
3799,1
10578,1
3425,1
8233,1
444,1
11005,1
1863,1
7614,1
1461,1
9468,1
602,1
10309,1
8843,1
6011,1
3595,1
5591,1
5032,1
7923,1
2380,1
5966,1
8446,1
10883,1
6905,1
8921,1
12040,1
5573,1
7955,1
3179,1
11584,1
1716,1
904,1
56,1
2711,1
9893,1
8966,1
10226,1
4707,1
5022,1
3597,1
3793,1
351,1
249,1
3457,1
7,1
6829,1
10305,1
10727,1
3751,1
6494,1
1842,1
11012,1
5551,1
5624,1
11540,1
3190,1
6292,1
2208,1
6929,1
7876,1
12561,1
2309,1
9414,1
4732,1
3946,1
5245,1
7397,1
3678,1
2527,1
9976,1
7145,1
2175,1
11211,1
8479,1
10924,1
9315,1
5962,1
3027,1
12316,1
8067,1
6463,1
2397,1
3794,1
4147,1
12418,1
11639,1
5777,1
1481,1
2969,1
11893,1
3654,1
6899,1
451,1
7716,1
11567,1
10846,1
8654,1
6400,1
11665,1
2871,1
355,1
9942,1
3859,1
10991,1
4739,1
3569,1
2747,1
8965,1
7226,1
102,1
4063,1
2762,1
3480,1
7448,1
6035,1
5747,1
2971,1
10351,1
12557,1
4541,1
4127,1
6519,1
1801,1
8511,1
7658,1
8022,1
5160,1
5917,1
12146,1
6059,1
1535,1
5264,1
5200,1
2889,1
9828,1
5782,1
1735,1
8462,1
2538,1
8113,1
685,1
5840,1
1769,1
692,1
4482,1
568,1
10417,1
7318,1
136,1
8770,1
1487,1
8355,1
9997,1
7565,1
5001,1
1576,1
2371,1
6594,1
12173,1
11791,1
2563,1
3149,1
10645,1
4515,1
12071,1
1725,1
4741,1
3265,1
5231,1
1549,1
5955,1
3347,1
10985,1
8001,1
12589,1
11732,1
792,1
3430,1
4125,1
6666,1
7821,1
166,1
9992,1
7157,1
1323,1
6130,1
8563,1
2243,1
2095,1
11670,1
3373,1
7401,1
11541,1
11974,1
3340,1
3155,1
11349,1
1301,1
4711,1
3475,1
5441,1
3972,1
8079,1
9953,1
9684,1
361,1
9665,1
12549,1
7847,1
9090,1
11456,1
6452,1
1903,1
4542,1
928,1
6533,1
3883,1
7144,1
287,1
1436,1
1617,1
3257,1
9814,1
7508,1
5070,1
12154,1
1696,1
1545,1
5367,1
9980,1
1849,1
1142,1
1924,1
11751,1
807,1
378,1
12187,1
4808,1
2142,1
9437,1
4187,1
3469,1
1815,1
253,1
3891,1
11767,1
3930,1
7772,1
3174,1
6166,1
3893,1
7367,1
2861,1
6016,1
5759,1
9465,1
8093,1
5194,1
4095,1
6632,1
11764,1
5697,1
10361,1
5334,1
4232,1
10978,1
3515,1
11873,1
2810,1
11019,1
12283,1
5103,1
9087,1
5087,1
5605,1
7853,1
11653,1
3561,1
1647,1
9201,1
10532,1
4468,1
9562,1
772,1
5628,1
2974,1
9451,1
11659,1
11951,1
2088,1
11804,1
6841,1
2596,1
3495,1
11985,1
12280,1
11480,1
660,1
1700,1
733,1
10675,1
66,1
7795,1
625,1
5114,1
10671,1
8003,1
11196,1
6768,1
6577,1
813,1
721,1
10242,1
1660,1
11520,1
2511,1
3163,1
7129,1
10830,1
2985,1
12552,1
6226,1
11964,1
1164,1
1886,1
11495,1
5299,1
5594,1
8576,1
1485,1
254,1
12598,1
4496,1
6853,1
732,1
11131,1
3512,1
3202,1
12218,1
6114,1
8956,1
10688,1
5905,1
9080,1
2986,1
1169,1
7079,1
74,1
12079,1
4434,1
6877,1
217,1
4162,1
8485,1
8872,1
2817,1
12200,1
10134,1
6308,1
1383,1
10390,1
790,1
964,1
10768,1
11191,1
12211,1
7009,1
10674,1
3260,1
7185,1
6706,1
7629,1
916,1
2855,1
11070,1
9965,1
1166,1
665,1
4772,1
2757,1
8055,1
9098,1
5541,1
8850,1
2760,1
4897,1
4598,1
4036,1
10756,1
11165,1
8201,1
11517,1
4408,1
394,1
5432,1
9232,1
9218,1
5954,1
11045,1
12036,1
7965,1
8597,1
371,1
10921,1
2741,1
7516,1
1982,1
3942,1
3117,1
3364,1
9199,1
5795,1
10649,1
6177,1
3473,1
11889,1
11660,1
2599,1
8266,1
7519,1
4606,1
6579,1
1788,1
12126,1
3237,1
9959,1
2868,1
3137,1
10149,1
5783,1
1007,1
1681,1
9320,1
2301,1
1175,1
10984,1
